{
  "out": "docs",
  "excludeExternals": true,
  "hideGenerator": true,
  "name": "Nebura AI",
  "plugin": ["typedoc-plugin-zod", "typedoc-github-theme"],
  "tsconfig": "tsconfig.json",
   "entryPoints": ["./src/**/*.ts"],
  "entryPointStrategy": "resolve",
  //"githubPages": true,
  "gitRevision": "main",
  "includeVersion": true,
  "searchInComments": true,
  
  // Nuevas opciones añadidas
  //"cname": "help.hiroshi-dev.me",  // Para GitHub Pages con dominio personalizado
  //"cleanOutputDir": true,  // Limpia el directorio de salida antes de generar
  //"excludePrivate": true,  // Excluye miembros privados
  //"excludeProtected": true,  // Excluye miembros protegidos
  //"excludeInternal": true,  // Excluye miembros internos
  //"visibilityFilters": {},  // Filtros de visibilidad personalizados
  
  // Metadata del proyecto
  //"description": "Documentación de Nebura AI",  // Descripción del proyecto
  //"gaID": "G-XXXXXXX",  // Opcional: ID de Google Analytics si lo usas
  
  // Enlaces del proyecto
  "sourceLinkTemplate": "https://github.com/Hiroshi025/Nebura-AI/blob/{gitRevision}/{path}#L{line}",
  "gitRemote": "origin",
  "readme": "README.md",
  
  // Opciones de navegación
  "navigation": {
    "includeCategories": true,
    "includeGroups": true,
    "includeFolders": true
  },
  
  // Opciones de tema
  //"theme": "github",  // Usando el tema GitHub que proporciona tu plugin
  
  // Opciones de markdown
  /*"markedOptions": {
    "gfm": true,
    "breaks": true,
    "mangle": false
  }*/
}