{
    "PAB": ["Balboa Panameño", "B/.​", "🇵🇦"],
    "VES": ["Bolívar Venezolano", "Bs.", "🇻🇪"],
    "BOP": ["Boliviano de Bolivia", "B$", "🇧🇴"],
    "CRC": ["Colón de Costa Rica", "₡", "🇨🇷"],
    "NIO": ["Córdoba de Nicaragua", "C$", "🇳🇮"],
    "AUD": ["Dólar Australiano", "A$", "🇦🇺"],
    "XCD": ["Dólar del Caribe Oriental", "ECD$", "🏴‍☠️"],
    "USD": ["Dólar Estadounidense", "$", "🇺🇸"],
    "EUR": ["Euro", "€", "🇪🇺"],
    "PYG": ["Guaraní Paraguayo", "₲", "🇵🇾"],
    "HNL": ["Lempira de Honduras", "L.", "🇭🇳"],
    "GBP": ["Libra", "£", "🇬🇧"],
    "PEN": ["Nuevo Sol de Perú", "S/.", "🇵🇪"],
    "ARS": ["Peso Argentino", "$", "🇦🇷"],
    "CLP": ["Peso Chileno", "$", "🇨🇱"],
    "COP": ["Peso Colombiano", "$", "🇨🇴"],
    "CUP": ["Peso Cubano", "$", "🇨🇺"],
    "DOP": ["Peso Dominicano", "RD$", "🇩🇴"],
    "MXN": ["Peso Mexicanoo", "$", "🇲🇽"],
    "UYU": ["Peso Uruguayo", "$", "🇺🇾"],
    "GTQ": ["Quetzal de Guatemala", "Q", "🇬🇹"],
    "BRL": ["Real Brasileño", "R$", "🇧🇷"],
    "RUB": ["Rublo", "₽", "🇷🇺"],
    "JPY": ["Yen", "¥", "🇯🇵"],
    "CNY": ["Yuan Chino", "元", "🇨🇳"]
}
