{
  "correct": "✅",
  "circle_check": "🟢",
  "circle_x": "🔴",
  "moderator": "🛠️",
  "monitor": "👀",
  "offline": "🔴",
  "online": "🟢",
  "warning": "⚠️",
  "error": "❌",
  "info": "ℹ️",
  "success": "🎉",
  "loading": "⏳",
  "clock": "🕰️",
  "calendar": "📅",
  "settings": "⚙️",
  "star": "⭐",
  "trophy": "🏆",
  "thumbs_up": "👍",
  "thumbs_down": "👎",
  "arrow_right": "➡️",
  "arrow_left": "⬅️",
  "question": "❓",
  "exclamation": "❗",
  "folder": "📂",
  "file": "📄",
  "lock": "🔒",
  "unlock": "🔓",
  "database": "🗄️",
  "play": "▶️",
  "pause": "⏸️",
  "stop": "⏹️",
  "record": "🔴",
  "music": "🎵",
  "volume": "🔊",
  "mute": "🔇",
  "link": "🔗",
  "disconnect": "🔌",
  "minecraft": {
    "server_version": "📦",
    "server_ip": "🌐",
    "server_port": "🔢",
    "server_name": "🏷️",
    "server_motd": "💬",
    "server_players": "👥",
    "server_status": "📡",
    "server_uptime": "⏱️",
    "server_location": "📍",
    "server_ping": "📶",
    "server_map": "🗺️",
    "server_world": "🌍",
    "server_seed": "🌱",
    "server_rules": "📜"
  },
  "help": {
    "back": "🔙",
    "forward": "🔜",
    "home": "🏠",
    "error": "❌"
  },
  "reply": "🔁",
  "message": "💬"
}
